{
    "$schema": "http://schema.management.azure.com/schemas/2014-04-01-preview/deploymentTemplate.json#",
    "contentVersion": "1.0.0.0",
    "parameters": {
        "name": {
            "type": "string"
        },
        "location": {
            "type": "string"
        },
        "locationName": {
            "type": "string"
        },
        "defaultExperience": {
            "type": "string"
        },
        "pairedLocation": {
            "type": "string"
        },
        "pairedLocationName": {
            "type": "string"
        }
    },
    "resources": [
        {
            "apiVersion": "2015-04-08",
            "kind": "MongoDB",
            "type": "Microsoft.DocumentDb/databaseAccounts",
            "name": "[parameters('name')]",
            "location": "[parameters('location')]",
            "properties": {
                "databaseAccountOfferType": "Standard",
                "locations": [
                    {
                        "id": "[concat(parameters('name'), '-', parameters('location'))]",
                        "failoverPriority": 0,
                        "locationName": "[parameters('locationName')]"
                    }
                ]
            },
            "tags": {
                "defaultExperience": "[parameters('defaultExperience')]"
            }
        }
    ]
}