{
    "$schema": "https://schema.management.azure.com/schemas/2015-01-01/deploymentParameters.json#",
    "contentVersion": "1.0.0.0",
    "parameters": {
        "clusterName": {
            "value": "lummyhd"
        },
        "clusterLoginUserName": {
            "value": "admin"
        },
        "clusterLoginPassword": {
            "value": ""
        },
        "location": {
            "value": "eastus"
        },
        "clusterWorkerNodeCount": {
            "value": 4
        },
        "clusterKind": {
            "value": "HADOOP"
        },
        "clusterVersion": {
            "value": "3.6"
        },
        "sshUserName": {
            "value": "sshuser"
        },
        "sshPassword": {
            "value": ""
        }
    }
}
