{
    "$schema": "https://schema.management.azure.com/schemas/2015-01-01/deploymentParameters.json#",
    "contentVersion": "1.0.0.0",
    "parameters": {
        "name": {
            "value": "lummymongo"
        },
        "location": {
            "value": "eastus"
        },
        "locationName": {
            "value": "East US"
        },
        "defaultExperience": {
            "value": "MongoDB"
        },
        "pairedLocation": {
            "value": "westus"
        },
        "pairedLocationName": {
            "value": "West US"
        }
    }
}